{
  "data": [
    {
      "id": 1,
      "account": "admin",
      "auth_group_name": "超级管理员",
      "last_login_time": "2017-05-20 13:28:12",
      "last_login_ip": "222.210.137.161",
      "create_time": "2016-10-18 15:28:37",
      "status": 1
    },
    {
      "id": 2,
      "account": "root",
      "auth_group_name": "普通管理员",
      "last_login_time": "2017-05-20 09:49:35",
      "last_login_ip": "182.244.65.194",
      "create_time": "2017-02-23 16:10:53",
      "status": 1
    },
    {
      "id": 3,
      "account": "123456",
      "auth_group_name": "测试人员",
      "last_login_time": "2017-04-04 15:38:02",
      "last_login_ip": "183.6.230.213",
      "create_time": "2017-03-11 18:06:48",
      "status": 1
    },
    {
      "id": 4,
      "account": "654321",
      "auth_group_name": "测试人员",
      "last_login_time": "2017-04-04 15:38:02",
      "last_login_ip": "183.6.230.213",
      "create_time": "2017-03-11 18:06:48",
      "status": 1
    },
    {
      "id": 5,
      "account": "test123",
      "auth_group_name": "测试人员",
      "last_login_time": "2017-04-04 15:38:02",
      "last_login_ip": "183.6.230.213",
      "create_time": "2017-03-11 18:06:48",
      "status": 1
    },
    {
      "id": 6,
      "account": "test456",
      "auth_group_name": "测试人员",
      "last_login_time": "2017-04-04 15:38:02",
      "last_login_ip": "183.6.230.213",
      "create_time": "2017-03-11 18:06:48",
      "status": 1
    },
    {
      "id": 7,
      "account": "tes789",
      "auth_group_name": "测试人员",
      "last_login_time": "2017-04-04 15:38:02",
      "last_login_ip": "183.6.230.213",
      "create_time": "2017-03-11 18:06:48",
      "status": 1
    },
    {
      "id": 8,
      "account": "test321",
      "auth_group_name": "测试人员",
      "last_login_time": "2017-04-04 15:38:02",
      "last_login_ip": "183.6.230.213",
      "create_time": "2017-03-11 18:06:48",
      "status": 1
    },
    {
      "id": 9,
      "account": "test654",
      "auth_group_name": "测试人员",
      "last_login_time": "2017-04-04 15:38:02",
      "last_login_ip": "183.6.230.213",
      "create_time": "2017-03-11 18:06:48",
      "status": 1
    },
    {
      "id": 10,
      "account": "test987",
      "auth_group_name": "测试人员",
      "last_login_time": "2017-04-04 15:38:02",
      "last_login_ip": "183.6.230.213",
      "create_time": "2017-03-11 18:06:48",
      "status": 1
    },
    {
      "id": 11,
      "account": "root123",
      "auth_group_name": "测试人员",
      "last_login_time": "2017-04-04 15:38:02",
      "last_login_ip": "183.6.230.213",
      "create_time": "2017-03-11 18:06:48",
      "status": 1
    },
    {
      "id": 12,
      "account": "root456",
      "auth_group_name": "测试人员",
      "last_login_time": "2017-04-04 15:38:02",
      "last_login_ip": "183.6.230.213",
      "create_time": "2017-03-11 18:06:48",
      "status": 1
    }
  ]
}